last_name,first_name,middle_name
Albeck-Ripka,Livia,
Alcorn,Ted,
Allchin,Catherine,
Andrews,Robin,George
Anthes,Emily,
Bakalar,Nicholas,
Barry,Ellen,
Belluck,Pam,
Benner,Katie,
Bittel,Jason,
Broad,William,J.
Brookshire,Bethany,
Brunelle,Fran√ßois,
Chang,Kenneth,
Conroy,Gemma,
Cosby,Matt,
Dinh,Jason,P.
Dzombak,Rebecca,
Elbein,Asher,
Engelbrecht,Cora,
Ferreira,Becky,
Galdieri,Dado,
Ghorayshi,Azeen,
Giaimo,Cara,
Golembiewski,Kate,
Gorman,James,
Greenwood,Veronique,
Gross,Jenny,
Ham,Anthony,
Hayden,Erika,Check
Hickey,Billy,
Hoffman,Jan,
Hughes,Virginia,
Imbler,Sabrina,
Incorvaia,Darren,
Jacobs,Andrew,
Jewett,Christina,
Jones,Sam,
Kaplan,Matt,
Keim,Brandon,
Kenny,Steve,
Klein,Amy,
Kolata,Gina,
Kornei,Katherine,
Kwai,Isabella,
Landau,Elizabeth,
Learn,Joshua,Rapp
Mandavilli,Apoorva,
Mason,Betsy,
Metz,Cade,
Moens,Jonathan,
Mroz,Jacqueline,
Mueller,Benjamin,
Nolen,Stephanie,
Nuwer,Rachel,
O'Callaghan,Jonathan,
Overbye,Dennis,
Pinkowski,Jennifer,
Popkin,Gabriel,
Preston,Elizabeth,
Purtill,Corinne,
Rabin,Roni,
Rabin,Roni,Caryn
Renault,Marion,
Richtel,Matt,
Robbins,Jim,
Roberts,Siobhan,
Roston,Michael,
Roth,Annie,
Rybus,Greta,
Santoro,Helen,
Schwartz,Oscar,
Scoles,Sarah,
Sima,Richard,
Singh,Karan,Deep
Span,Paula,
Spinski,Tristan,
Suarez,Jessica,
Tamisiea,Jack,
Thomasy,Hannah,
Timmons,Jeanne,
Wapner,Jessica,
Whang,Oliver,
Wilke,Carolyn,
Yan,Wudan,
Zimmer,Carl,
